{
  "platforms": {
    "default": [
      [
        1,
        1,
        31,
        1,
        31,
        0,
        1,
        0
      ],
      [
        27,
        5.5,
        31,
        5.5,
        31,
        5,
        27,
        5
      ],
      [
        1,
        10,
        5,
        10,
        5,
        9.5,
        1,
        9.5
      ],
      [
        1,
        14.5,
        5,
        14.5,
        5,
        14,
        1,
        14
      ],
      [
        27,
        18.5,
        31,
        18.5,
        31,
        18,
        27,
        18
      ],
      [
        1,
        23,
        5,
        23,
        5,
        22.5,
        1,
        22.5
      ],
      [
        10,
        27.5,
        31,
        27.5,
        31,
        27,
        10,
        27
      ],
      [
        15,
        31,
        19,
        31,
        19,
        30.5,
        15,
        30.5
      ],
      [
        1,
        32.5,
        5,
        32.5,
        5,
        32,
        1,
        32
      ],
      [
        27,
        32.5,
        31,
        32.5,
        31,
        32,
        27,
        32
      ],
      [
        27,
        46.5,
        31,
        46.5,
        31,
        46,
        27,
        46
      ],
      [
        8,
        50.5,
        31,
        50.5,
        31,
        50,
        8,
        50
      ]
    ]
  },
  "walls": {
    "default": [
      [
        16,
        60,
        16,
        59,
        1,
        59,
        1,
        0,
        0,
        0,
        0,
        60
      ],
      [
        32,
        60,
        32,
        0,
        31,
        0,
        31,
        59,
        16,
        59,
        16,
        60
      ]
    ]
  },
  "player": {
    "x": 2.5,
    "y": 5
  },
  "enemies": {
    "interval": [
      {
        "x": 3.0,
        "y": 17,
        "isFacingRight": 1,
        "interval": 200
      },
      {
        "x": 29.0,
        "y": 49,
        "isFacingRight": 0,
        "interval": 200
      }
    ],
    "on_sight": [
      {
        "x": 2.0,
        "y": 35,
        "isFacingRight": 1
      },
      {
        "x": 29.0,
        "y": 35,
        "isFacingRight": 0
      }
    ]
  },
    "resources": {
      "ammo_depots": [
        {
          "x": 17,
          "y": 31.5,
          "amount": 5
        },
        {
          "x": 17,
          "y": 43.5,
          "amount": 5
        }
      ]
    }
    "target": {
      "x": 29.5,
      "y": 54
    },
    "starting ammo": 8
  }

